quarter,CPIAUCSL,CPIAUCSL_transformed,FEDFUNDS,FEDFUNDS_transformed,GS10,GS10_transformed,HOUST,HOUST_transformed,PERMIT,PERMIT_transformed,PAYEMS,PAYEMS_transformed
1959Q1,28.9933,,2.57,,3.99,,1648.0,,,,52726.6667,
1959Q2,29.0433,,3.0833,0.5133000000000001,4.2567,0.26670000000000016,1530.3333,-0.07407687667005192,,,53517.3333,0.014884251290068207
1959Q3,29.1933,0.0034283599742108706,3.5767,0.4934000000000003,4.5033,0.24659999999999993,1505.6667,-0.016249764674284073,,,53522.6667,9.96524664511611e-05
1959Q4,29.37,0.0008831032920553206,3.99,0.4133,4.5833,0.08000000000000007,1457.3333,-0.03262753136958896,,,53722.0,0.0037173602320486054
1960Q1,29.3967,-0.005125836383019777,3.9333,-0.056700000000000195,4.4867,-0.09660000000000046,1357.3333,-0.07108629275120038,1045.0,,54413.6667,0.012792747368925106
1960Q2,29.5733,0.005080826148833317,3.6967,-0.23660000000000014,4.26,-0.22670000000000012,1269.0,-0.06729277728990457,1008.6667,-0.03538752567179415,54545.3333,0.0024168111691267313
1960Q3,29.59,-0.005424964904730434,2.9367,-0.7599999999999998,3.8333,-0.42669999999999986,1212.6667,-0.04540736981679938,992.3333,-0.016325599970314464,54268.3333,-0.005091283236781763
1960Q4,29.78,0.005836021663423896,2.2967,-0.6400000000000001,3.8867,0.05339999999999989,1185.0,-0.023079044328357057,967.3333,-0.02551592843977346,53948.3333,-0.00591407853809045
1961Q1,29.84,-0.004387812764047094,2.0033,-0.2934000000000001,3.7867,-0.09999999999999964,1240.3333,0.04563735923478518,976.6667,0.009602337155666163,53633.0,-0.005862247536583709
1961Q2,29.83,-0.0023479248886006943,1.7333,-0.2699999999999998,3.79,0.0032999999999998586,1258.6667,0.014672852276316206,1033.0,0.05607702164694306,53796.6667,0.0030469577287224325
1961Q3,29.9467,0.004239713133642464,1.6833,-0.050000000000000044,3.98,0.18999999999999995,1358.6667,0.07645086512803001,1113.3333,0.07489129824287755,54269.6667,0.008753938542566786
1961Q4,29.99,-0.0024596784152177698,2.4,0.7166999999999999,3.9733,-0.006699999999999928,1388.3333,0.021600111714866976,1145.3333,0.028337197969911188,54712.0,0.008117617253990517
1962Q1,30.1067,0.0024388876767353906,2.4567,0.056700000000000195,4.0167,0.043400000000000105,1360.6667,-0.020129162723754312,1150.0,0.004066256024868764,55118.0,0.007393277781062579
1962Q2,30.22,-0.00012752708883789765,2.6067,0.1499999999999999,3.8733,-0.1434000000000002,1470.3333,0.07751430956675875,1177.0,0.023206885902980368,55624.6667,0.009150406981481396
1962Q3,30.3067,-0.0008913651583686288,2.8467,0.23999999999999977,3.99,0.11670000000000025,1430.3333,-0.027581615747410027,1204.0,0.02268051860848974,55854.0,0.004114394804068056
1962Q4,30.38,-0.0004491663550671987,2.9233,0.0766,3.9033,-0.0867,1573.0,0.09507713003945373,1217.6667,0.011287139633166632,56041.6667,0.003354318920381516
1963Q1,30.4767,0.0007622730889278451,2.9667,0.043400000000000105,3.8933,-0.010000000000000231,1411.3333,-0.10844976364990533,1239.3333,0.017637087215165437,56221.6667,0.003206748789601477
1963Q2,30.5333,-0.001322526005126612,2.9633,-0.0034000000000000696,3.9633,0.06999999999999984,1639.3333,0.1497547743661869,1327.6667,0.06884946690313942,56618.3333,0.007030631583255342
1963Q3,30.72,0.004240582903364931,3.33,0.36670000000000025,4.0333,0.06999999999999984,1672.0,0.019730879870087925,1348.0,0.015198971852014687,56927.3333,0.005442757474771298
1963Q4,30.8033,-0.003388098153334962,3.4533,0.12329999999999997,4.12,0.08670000000000044,1630.6667,-0.025031565064156602,1398.0,0.036420631321503194,57299.6667,0.006519206819431744
1964Q1,30.93,0.0013968407818785167,3.4633,0.009999999999999787,4.18,0.05999999999999961,1646.6667,0.009764113176283118,1350.3333,-0.03469119294443779,57712.3333,0.007176092423378577
1964Q2,30.98,-0.002489511307948611,3.49,0.02670000000000039,4.2,0.020000000000000462,1488.3333,-0.10109615951070072,1281.0,-0.05271042795258385,58076.6667,0.00629307796743106
1964Q3,31.05,0.000641725099021162,3.4567,-0.03330000000000011,4.1933,-0.006700000000000372,1528.6667,0.026739014309161924,1291.6667,0.008292377029055054,58644.6667,0.009732659267694288
1964Q4,31.1933,0.0023475463947337794,3.5767,0.1200000000000001,4.1733,-0.019999999999999574,1498.0,-0.02026503247807021,1216.0,-0.06036661639967633,59144.0,0.008478511646446307
1965Q1,31.29,-0.0015092902696953736,3.9767,0.3999999999999999,4.2033,0.02999999999999936,1405.6667,-0.06361917528517402,1220.0,0.0032840752011900065,59795.0,0.010946897165970526
1965Q2,31.49,0.003276247916338626,4.08,0.10329999999999995,4.2067,0.0034000000000000696,1468.0,0.04338922038246995,1203.3333,-0.013755402769317193,60480.0,0.011390686450507559
1965Q3,31.5833,-0.0034130126601774613,4.0767,-0.0033000000000003027,4.2467,0.040000000000000036,1481.0,0.008816605093338481,1237.6667,0.028132457483383888,61227.6667,0.012286425755466013
1965Q4,31.75,0.002305760681837743,4.1667,0.08999999999999986,4.4733,0.22660000000000036,1522.6667,0.027745670291356106,1300.0,0.04913635100825875,62012.3333,0.012734131829102324
1966Q1,32.0467,0.004037263154442083,4.56,0.3933,4.77,0.2966999999999995,1380.6667,-0.09789670712880927,1239.3333,-0.04779069073252984,62839.0,0.013242610374017971
1966Q2,32.3367,-0.0002928944290743196,4.9133,0.35329999999999995,4.78,0.010000000000000675,1270.3333,-0.08328719146442776,1059.6667,-0.15661914901797314,63753.3333,0.014445569900574995
1966Q3,32.6167,-0.0003869751594263171,5.41,0.4967000000000006,5.14,0.35999999999999943,1083.6667,-0.1589289235703566,861.0,-0.2076151992713946,64483.6667,0.011390492545931608
1966Q4,32.8833,-0.00048111605034728555,5.5633,0.15329999999999977,5.0033,-0.13669999999999938,931.3333,-0.1514884470377451,739.3333,-0.15234567027119184,65024.0,0.008344470239592283
1967Q1,32.9667,-0.005607472002262526,4.8233,-0.7400000000000002,4.5833,-0.41999999999999993,1082.0,0.1499492440486101,952.3333,0.2531662444043743,65455.3333,0.006611543151107568
1967Q2,33.1667,0.003515368471532554,3.99,-0.8332999999999995,4.82,0.2366999999999999,1214.3333,0.11538402148412352,1093.3333,0.138071303661361,65612.0,0.0023906303831697784
1967Q3,33.5,0.003950678871295743,3.8933,-0.09670000000000023,5.2467,0.4266999999999994,1397.3333,0.14037043258725657,1228.3333,0.11642710659601097,66065.0,0.006880499815940411
1967Q4,33.8667,0.0008877135867724206,4.1733,0.28000000000000025,5.6433,0.3966000000000003,1445.6667,0.03400496474686232,1297.3333,0.05465264012577009,66609.3333,0.008205601501160231
1968Q1,34.2,-0.0010933785559310572,4.79,0.6166999999999998,5.61,-0.03329999999999966,1455.3333,0.006664347312850261,1297.0,-0.0002569446276110554,67104.6667,0.007408882627085944
1968Q2,34.5333,-9.498150352182932e-05,5.9833,1.1932999999999998,5.7433,0.1332999999999993,1455.6667,0.00022906217894735903,1294.3333,-0.002058169006169841,67704.3333,0.008896595260940998
1968Q3,35.0,0.0037255537462894672,5.9467,-0.036599999999999966,5.46,-0.28329999999999966,1521.0,0.04390400454282606,1388.3333,0.07010822661295535,68313.3333,0.00895477896014718
1968Q4,35.4333,-0.0011199911274073493,5.9167,-0.03000000000000025,5.77,0.3099999999999996,1582.3333,0.03953251655797896,1415.3333,0.01926108812028371,68984.3333,0.009774460977979516
1969Q1,35.8667,-0.00014676197456964246,6.5667,0.6500000000000004,6.1767,0.4067000000000007,1678.3333,0.058900687806308305,1464.0,0.03380736447774346,69681.0,0.010048258568096102
1969Q2,36.4333,0.0035166706921145874,8.3267,1.7600000000000007,6.3533,0.17659999999999965,1545.0,-0.08277730729173438,1372.6667,-0.06441707131799923,70345.3333,0.009488762132983553
1969Q3,36.9333,-0.002043511656999897,8.9833,0.6565999999999992,6.8567,0.5034000000000001,1411.0,-0.09072523747903105,1286.0,-0.06521871840569293,70883.6667,0.007623590159052895
1969Q4,37.5,0.0015969583420649691,8.94,-0.04330000000000034,7.2967,0.4400000000000004,1312.3333,-0.07249197497723792,1187.3333,-0.07982675769018321,71149.3333,0.0037409180939889097
1970Q1,38.1,0.0006459992975158535,8.5733,-0.3666999999999998,7.3667,0.0699999999999994,1236.3333,-0.059656715015540485,1104.0,-0.0727699202703409,71310.6667,0.0022649651687629557
1970Q2,38.6333,-0.0019730324244910946,7.8867,-0.6865999999999994,7.7133,0.34660000000000046,1313.0,0.060164612442759946,1291.3333,0.15673530264867797,71167.0,-0.0020166914860286766
1970Q3,39.0333,-0.0035997876320212896,6.7067,-1.1800000000000006,7.46,-0.2533000000000003,1483.3333,0.12197718971746951,1381.3333,0.06737394165421673,70978.0,-0.0026592579602304767
1970Q4,39.6,0.004113461196424861,5.5667,-1.1399999999999997,6.8533,-0.6067,1706.6667,0.1402503848764285,1611.0,0.15380591203703897,70574.0,-0.005708165154366895
1971Q1,39.9333,-0.006032546268287309,3.8567,-1.71,6.0167,-0.8365999999999998,1826.3333,0.06776812572210655,1663.3333,0.03196849686039993,70844.0,0.003818471878632934
1971Q2,40.3,0.0007594626363718326,4.5667,0.71,6.2467,0.22999999999999954,2020.3333,0.10095220216544742,1873.3333,0.11889575638865857,71179.0,0.004717554498837373
1971Q3,40.7,0.0007357168316253215,5.4767,0.9100000000000001,6.4833,0.23660000000000014,2094.0,0.03581361464623445,2023.0,0.07686220074171324,71434.0,0.0035761153858011596
1971Q4,41.0,-0.0025326492401540612,4.75,-0.7267000000000001,5.89,-0.5933000000000002,2201.6667,0.05013855199787898,2079.3333,0.027465755301113504,71866.0,0.006029327406833929
1972Q1,41.3333,0.0007524295249226043,3.5467,-1.2033,6.0333,0.14329999999999998,2406.0,0.08875095310626246,2170.6667,0.04298704190167246,72677.6667,0.011230865384343147
1972Q2,41.6,-0.0016647069984521146,4.3,0.7532999999999999,6.1433,0.11000000000000032,2241.3333,-0.07089470554632715,2129.6667,-0.01906886678439612,73463.0,0.010747738839041787
1972Q3,41.9333,0.0015483966359082224,4.7433,0.4432999999999998,6.29,0.14670000000000005,2371.6667,0.05652204492236024,2283.6667,0.0698168643450634,74038.0,0.007796596805496492
1972Q4,42.3667,0.0023023222055584824,5.1467,0.4034000000000004,6.3733,0.08330000000000037,2424.0,0.021826111278548055,2335.6667,0.02251502204266842,74971.6667,0.01253178991240489
1973Q1,43.0333,0.005329142658102359,6.5367,1.3899999999999997,6.6033,0.22999999999999954,2378.3333,-0.019019119961795283,2186.3333,-0.06607152659446847,75971.6667,0.013250199370590465
1973Q2,43.9333,0.0050867818020217115,7.8167,1.2800000000000002,6.8067,0.20340000000000025,2139.0,-0.10606151814500375,1963.3333,-0.10758215637980495,76663.3333,0.009063076416472526
1973Q3,44.8,-0.001162775337548272,10.56,2.7433000000000005,7.2067,0.39999999999999947,2016.0,-0.05922307989114639,1777.3333,-0.0995295971237935,77119.0,0.005926142799033585
1973Q4,45.9333,0.005446640054569407,9.9967,-0.5632999999999999,6.7533,-0.45339999999999936,1642.3333,-0.20499737561173248,1367.0,-0.26249553715185137,77852.6667,0.009468468615359882
1974Q1,47.3,0.00433774647526608,9.3233,-0.6734000000000009,7.0533,0.2999999999999998,1586.0,-0.034902851384734035,1377.0,0.0072886620047052375,78216.6667,0.004664601969881943
1974Q2,48.5667,-0.0028921358993820867,11.25,1.9267000000000003,7.5433,0.4900000000000002,1515.3333,-0.04557970844777515,1159.3333,-0.1720621212346929,78511.6667,0.0037644801291314423
1974Q3,49.9333,0.0013221886067076305,12.09,0.8399999999999999,7.9633,0.41999999999999993,1202.6667,-0.2310940735164273,919.6667,-0.23158905569976973,78621.6667,0.0014000850817410537
1974Q4,51.4667,0.0024968777492735406,9.3467,-2.7432999999999996,7.67,-0.29330000000000034,1023.6667,-0.16115035589519522,825.3333,-0.1082240170455373,78182.3333,-0.0056036140609485585
1975Q1,52.5667,-0.009099038907365298,6.3033,-3.0434,7.54,-0.1299999999999999,976.3333,-0.047342240317117756,721.3333,-0.13468599966111405,76953.0,-0.015848859268690063
1975Q2,53.2,-0.00917228589383301,5.42,-0.8833000000000002,8.05,0.5100000000000007,1071.0,0.09254404642947112,908.6667,0.23087705518461288,76535.0,-0.005446693336045527
1975Q3,54.2667,0.007876825871649729,6.16,0.7400000000000002,8.2967,0.2466999999999988,1250.0,0.15455075984859779,1026.0,0.12144466545856147,77050.3333,0.006710734975589716
1975Q4,55.2667,-0.001592604784701912,5.4133,-0.7467000000000006,8.0633,-0.2333999999999996,1341.6667,0.07076909573292767,1099.0,0.06873292867290637,77747.3333,0.009005364559596885
1976Q1,55.9,-0.00686595502661369,4.8267,-0.5865999999999998,7.7533,-0.3099999999999996,1442.0,0.07211839181562052,1183.0,0.07365290957476578,78789.0,0.01330914113220949
1976Q2,56.4,-0.0024890446488816664,5.1967,0.3700000000000001,7.7733,0.019999999999999574,1449.6667,0.005302629078425269,1171.3333,-0.00991091235705266,79326.6667,0.006800955068033687
1976Q3,57.3,0.006926686873720556,5.2833,0.08659999999999979,7.73,-0.04329999999999945,1557.0,0.07142722491067843,1345.0,0.1382513404146053,79714.3333,0.0048750620001243306
1976Q4,58.1333,-0.001393439525265272,4.8733,-0.40999999999999925,7.19,-0.54,1691.3333,0.08275625994880187,1489.0,0.10171074064806973,80199.6667,0.006069948724258367
1977Q1,59.2,0.0037448667864357077,4.66,-0.21330000000000027,7.3533,0.16329999999999956,1844.3333,0.08660070437382128,1562.0,0.047862297715622226,81023.0,0.010213705979891685
1977Q2,60.2333,-0.0008790788413230999,5.1567,0.4966999999999997,7.37,0.01670000000000016,1918.6667,0.039512660555702794,1693.3333,0.08073190181974699,82101.3333,0.01322119129442001
1977Q3,61.0667,-0.0035624597397170277,5.82,0.6633000000000004,7.3567,-0.01330000000000009,2009.0,0.0460065681026105,1713.6667,0.011936390619484705,83147.0,0.012655869335640446
1977Q4,61.9667,0.0008890806626480341,6.5133,0.6932999999999998,7.5967,0.2400000000000002,2075.3333,0.03248468145683159,1761.0,0.027246485657342667,84127.6667,0.011725361106103449
1978Q1,63.0333,0.00243557963321539,6.7567,0.24340000000000028,8.01,0.41329999999999956,1829.3333,-0.12617018375572986,1758.3333,-0.0015154577773941469,85000.6667,0.010323613269429543
1978Q2,64.4667,0.005419639045925351,7.2833,0.5265999999999993,8.32,0.3100000000000005,2114.0,0.14463030391414655,1899.0,0.07696106009347403,86540.3333,0.017951486198549915
1978Q3,65.9667,0.0005156045933603082,8.1,0.8167,8.49,0.16999999999999993,2019.3333,-0.045814480018208315,1742.6667,-0.08591090560850922,87436.0,0.010296510980237983
1978Q4,67.5,-2.372919946846963e-05,9.5833,1.4832999999999998,8.82,0.33000000000000007,2039.6667,0.010019004724995284,1798.0,0.031258409827788824,88339.3333,0.010278361994558338
1979Q1,69.2,0.0018957361126483718,10.0733,0.4900000000000002,9.1067,0.28669999999999973,1665.6667,-0.20256094844886796,1557.6667,-0.1434859395997199,89114.0,0.008730989795115107
1979Q2,71.4,0.006423741976774977,10.18,0.10670000000000002,9.1133,0.006600000000000605,1845.6667,0.10261510352707681,1640.3333,0.051710456444950204,89771.3333,0.007349247101450018
1979Q3,73.7,0.00040792312783732854,10.9467,0.7667000000000002,9.1033,-0.009999999999999787,1790.0,-0.03062494738037813,1587.6667,-0.032633998748874404,90281.3333,0.005665024279407405
1979Q4,76.0333,-0.0005363268271159072,13.5767,2.630000000000001,10.4467,1.343399999999999,1567.6667,-0.1326272842948395,1337.0,-0.17183715602597793,90575.3333,0.0032511962594341526
1980Q1,79.0333,0.00752927739962761,15.0467,1.4699999999999989,11.9867,1.540000000000001,1246.0,-0.22964991519256284,1155.6667,-0.14575089124164986,90892.3333,0.003493738894499998
1980Q2,81.7,-0.005513161196498473,12.6867,-2.3599999999999994,10.4767,-1.5100000000000016,1058.0,-0.16355808692915375,929.0,-0.2183239470464553,90456.6667,-0.004804740452195588
1980Q3,83.2333,-0.014591212954761623,9.8367,-2.8499999999999996,10.9533,0.47660000000000124,1392.0,0.27436122847612054,1370.0,0.3884572800083328,90050.6667,-0.0044984397808374155
1980Q4,85.5667,0.00905517436074188,15.8533,6.0166,12.4233,1.4699999999999989,1505.0,0.0780513362886106,1332.6667,-0.027628767417429145,90726.6667,0.00747884857227632
1981Q1,87.9333,-0.0003662968604762895,16.57,0.7166999999999994,12.96,0.5367000000000015,1366.3333,-0.09666216974294262,1201.0,-0.10402742932475828,91116.0,0.0042820961876319785
1981Q2,89.7667,-0.00664687382878526,17.78,1.2100000000000009,13.75,0.7899999999999991,1181.6667,-0.14520482893317066,1113.0,-0.07609547080443857,91356.3333,0.0026341904509621372
1981Q3,92.2667,0.006833703922071166,17.5767,-0.20330000000000226,14.8467,1.0967000000000002,964.0,-0.20358988389631705,890.3333,-0.22321846427285585,91547.6667,0.002092173706337519
1981Q4,93.7667,-0.01134272789157631,13.5867,-3.9899999999999984,14.0867,-0.7599999999999998,873.3333,-0.09877402469145213,758.3333,-0.1604728882417925,91148.6667,-0.004367910695734167
1982Q1,94.6,-0.007278792235141829,14.2267,0.6399999999999988,14.2933,0.2065999999999999,880.0,0.007604637553158433,831.0,0.09150679609455192,90520.6667,-0.006913687519293887
1982Q2,95.9667,0.005496086497117858,14.5133,0.28659999999999997,13.93,-0.3633000000000006,948.0,0.07443259478276953,918.0,0.09956759576504215,90040.6667,-0.005316765463355466
1982Q3,97.6333,0.0028735872243261795,11.0067,-3.506599999999999,13.1167,-0.8132999999999999,1118.6667,0.16553830646134315,1004.0,0.08954990963118359,89355.6667,-0.007636759527017034
1982Q4,97.9333,-0.014149356507337174,9.2867,-1.7200000000000006,10.6667,-2.4499999999999993,1282.6667,0.13680374038864862,1243.0,0.2135357912590372,88821.3333,-0.005997799960981709
1983Q1,98.0,-0.002387166985384326,8.6533,-0.6334,10.5633,-0.1034000000000006,1630.3333,0.23984320232051726,1457.3333,0.15908044624478102,88999.0,0.0019982727039451476
1983Q2,99.1333,0.010817086473278614,8.8033,0.15000000000000036,10.5433,-0.019999999999999574,1660.3333,0.01823389290335342,1668.0,0.1350170451631998,89676.3333,0.007581757728788219
1983Q3,100.1,-0.0017936532290745433,9.46,0.6567000000000007,11.6267,1.0833999999999993,1801.6667,0.08169381557770272,1697.6667,0.017629474932594924,90604.3333,0.01029514938074172
1983Q4,101.1,0.00023616249448732418,9.43,-0.030000000000001137,11.6867,0.0600000000000005,1729.3333,-0.04097622241361254,1670.3333,-0.01623159151576914,91875.0,0.013926916709511517
1984Q1,102.5333,0.004137058134120686,9.6867,0.2567000000000004,11.9433,0.2566000000000006,1940.0,0.11495201456440007,1842.6667,0.09819062853360272,93086.3333,0.013098420056078197
1984Q2,103.5,-0.004693508999745966,10.5567,0.8699999999999992,13.2,1.2566999999999986,1822.6667,-0.06238732459342167,1777.0,-0.0362872667144698,94123.0,0.011075059965255818
1984Q3,104.4,-0.0007259260965106762,11.39,0.8333000000000013,12.8667,-0.3332999999999995,1672.0,-0.08628013381930533,1552.6667,-0.13495264491003311,95055.0,0.009853233889254298
1984Q4,105.3,-7.431905172428088e-05,9.2667,-2.1233000000000004,11.7433,-1.1234000000000002,1630.3333,-0.025236042219116683,1586.3333,0.021451348195564712,95906.0,0.008912873660738896
1985Q1,106.2667,0.0005548090928666483,8.4767,-0.7900000000000009,11.5833,-0.16000000000000014,1714.3333,0.050239786237371575,1683.0,0.059152662750623364,96572.3333,0.006923750330562584
1985Q2,107.2333,-8.368998023833285e-05,7.9233,-0.553399999999999,10.8133,-0.7699999999999996,1725.6667,0.0065892098870961036,1696.3333,0.00789112407969128,97269.6667,0.007194894895917514
1985Q3,107.9,-0.002856825268136909,7.9,-0.023299999999999876,10.3367,-0.47659999999999947,1701.0,-0.01439715515413642,1807.0,0.06319897232173144,97844.3333,0.005890589723932749
1985Q4,109.0,0.003944972429172466,8.1033,0.20330000000000048,9.76,-0.5767000000000007,1824.6667,0.0701810268048293,1743.0,-0.03606024507220784,98428.3333,0.005950922597339314
1986Q1,109.5667,-0.004957395963400835,7.8267,-0.27660000000000107,8.5567,-1.2033000000000005,1898.6667,0.03975456277919065,1798.0,0.031067169511544535,98837.6667,0.004150071350347062
1986Q2,109.0333,-0.010065770073175884,6.92,-0.9066999999999998,7.6033,-0.9533999999999994,1878.0,-0.010944522211673302,1815.0,0.009410531667385591,99174.6667,0.0034038316663291823
1986Q3,109.7,0.01097618319343141,6.2067,-0.7133000000000003,7.3067,-0.29659999999999975,1758.6667,-0.06565141564535981,1730.6667,-0.04757875772273401,99665.0,0.004931956505972224
1986Q4,110.4667,0.0008687236713633695,6.2667,0.0600000000000005,7.2633,-0.043400000000000105,1712.3333,-0.026699021790305366,1740.6667,0.005761490764498056,100312.6667,0.006477412955078421
1987Q1,111.8,0.005032691853267934,6.22,-0.04670000000000041,7.1933,-0.07000000000000028,1761.3333,0.028214135716505773,1694.3333,-0.026978870635343988,100920.3333,0.006039451253530004
1987Q2,113.0667,-0.0007310933066237979,6.65,0.4300000000000006,8.3433,1.1499999999999995,1612.0,-0.08859543498247557,1541.0,-0.09485777378525562,101709.0,0.007784368330895575
1987Q3,114.2667,-0.0007090696300746657,6.8433,0.1932999999999998,8.8767,0.5334000000000003,1625.0,0.008032171697264445,1513.6667,-0.017896570868693118,102438.0,0.007141942802919132
1987Q4,115.3333,-0.0012662721083689377,6.9167,0.07339999999999947,9.1233,0.24660000000000082,1523.6667,-0.06438808322315204,1416.3333,-0.06646363653967047,103390.3333,0.009253731792281172
1988Q1,116.2333,-0.0015178267397164547,6.6633,-0.25340000000000007,8.4167,-0.7065999999999999,1425.3333,-0.06671405145020248,1402.3333,-0.009933856759248627,104152.0,0.007339901285662975
1988Q2,117.5667,0.003633273005188009,7.1567,0.4934000000000003,8.91,0.4932999999999996,1490.6667,0.04481778843770101,1452.6667,0.035263478630257694,105006.6667,0.008172469927822945
1988Q3,119.0,0.0007112071436514711,7.9833,0.8266,9.1,0.1899999999999995,1484.0,-0.004482324800858528,1445.0,-0.0052916492362280465,105745.6667,0.007012999731744074
1988Q4,120.3,-0.0012525311414925966,8.47,0.4867000000000008,8.9567,-0.14329999999999998,1551.3333,0.04437360997990858,1508.3333,0.04289594481993664,106597.0,0.008018528491952281
1989Q1,121.6667,0.0004315860372097191,9.4433,0.9733,9.2067,0.25,1489.3333,-0.040786184567632056,1354.3333,-0.107695962659208,107403.0,0.007532745898924276
1989Q2,123.6333,0.0047378714196870675,9.7267,0.28339999999999854,8.7733,-0.4333999999999989,1355.6667,-0.09403520731233961,1359.6667,0.003930292457999585,107910.3333,0.0047125204103473095
1989Q3,124.6,-0.008245907185595591,9.0833,-0.6433999999999997,8.1067,-0.6666000000000007,1346.0,-0.0071561316225894345,1310.3333,-0.036958063850330625,108186.0,0.0025513329663997553
1989Q4,125.8667,0.0023261239399516853,8.6133,-0.46999999999999886,7.9067,-0.20000000000000018,1337.3333,-0.006459674716181141,1377.0,0.04962568741372397,108688.0,0.0046294244266587015
1990Q1,128.0333,0.006952171820781672,8.25,-0.3633000000000006,8.4233,0.5165999999999995,1425.6667,0.06396200745118108,1441.0,0.04543009727086744,109424.0,0.006748851906793973
1990Q2,129.3,-0.00722207645817452,8.2433,-0.006700000000000372,8.6767,0.25340000000000096,1212.3333,-0.1620927141159827,1103.6667,-0.2666993169180296,109784.0,0.003284554611592938
1990Q3,131.5333,0.00727986627841215,8.16,-0.08329999999999949,8.7033,0.02660000000000018,1132.0,-0.068560870060562,1041.0,-0.05845621046652294,109648.0,-0.0012395641238640565
1990Q4,133.7667,-0.0002875794257013453,7.7433,-0.4167000000000005,8.3967,-0.3066000000000013,1042.6667,-0.0822044137967275,909.0,-0.1355919744374905,109255.6667,-0.003584533105373211
1991Q1,134.7667,-0.009389288770869086,6.4267,-1.3165999999999993,8.0167,-0.379999999999999,894.6667,-0.1530855982851147,850.0,-0.06710874469311623,108787.0,-0.0042988597493067715
1991Q2,135.5667,-0.0015292627179492868,5.8633,-0.5634000000000006,8.13,0.11330000000000062,1011.0,0.12224397233918527,957.0,0.1185670419685918,108311.0,-0.004385123425938886
1991Q3,136.6,0.001674542203309315,5.6433,-0.21999999999999975,7.94,-0.1900000000000004,1042.3333,0.030521817789726846,963.6667,0.0069420964853890155,108308.3333,-2.4621071069930167e-05
1991Q4,137.7333,0.0006690824169366394,4.8167,-0.8266,7.3467,-0.5933000000000002,1087.0,0.04195985031101124,1012.0,0.04893836190906775,108330.3333,0.00020310317101568387
1992Q1,138.6667,-0.001508254013153909,4.0233,-0.7934000000000001,7.3033,-0.043400000000000105,1241.0,0.13249589808339746,1101.6667,0.08489564402745131,108348.0,0.00016306845054714358
1992Q2,139.7333,0.0009083883973879381,3.77,-0.25329999999999986,7.3767,0.07339999999999947,1152.6667,-0.07383937871103186,1055.6667,-0.04265170442870936,108622.6667,0.002531833919299231
1992Q3,140.8,-5.755587647016114e-05,3.2567,-0.5133000000000001,6.6167,-0.7599999999999998,1183.6667,0.026538865942484335,1092.6667,0.034448711695918455,108886.6667,0.002427483230370342
1992Q4,142.0333,0.0011162554922270473,3.0367,-0.21999999999999975,6.7433,0.12659999999999982,1228.3333,0.03704121638222535,1142.0,0.04415988907388435,109308.0,0.0038619992876611775
1993Q1,143.0667,-0.0014716754981103364,3.04,0.0032999999999998586,6.28,-0.4632999999999994,1167.6667,-0.0506507257419484,1127.0,-0.013221876176179315,109947.0,0.0058288459482476185
1993Q2,144.1,-5.2870003525384845e-05,3.0,-0.040000000000000036,5.99,-0.29000000000000004,1266.0,0.08085483962778461,1115.3333,-0.010405951047548712,110537.6667,0.005357906487287067
1993Q3,144.7667,-0.002580569802709931,3.06,0.06000000000000005,5.6167,-0.3733000000000004,1299.0,0.025732413966478518,1218.3333,0.08833049316375963,111234.0,0.006279752492302393
1993Q4,145.9667,0.0036390542508861756,2.99,-0.06999999999999984,5.6067,-0.009999999999999787,1433.6667,0.09864055069543376,1368.3333,0.116109652701895,112015.3333,0.0069996759103094774
1994Q1,146.7,-0.0032438607265552477,3.2133,0.2232999999999996,6.0667,0.45999999999999996,1391.0,-0.030212375442590478,1333.6667,-0.025661363675006044,112876.0,0.007654104666782402
1994Q2,147.5333,0.0006530562151585428,3.94,0.7267000000000001,7.0833,1.0166000000000004,1466.6667,0.05296936204207192,1381.6667,0.035358457843861046,113916.6667,0.009177316172959138
1994Q3,148.9,0.0035567988165539077,4.4867,0.5467,7.3333,0.25,1454.3333,-0.008444692430024325,1374.6667,-0.005079222309694487,114918.6667,0.008757444831235972
1994Q4,149.7667,-0.003417216392334943,5.1667,0.6799999999999997,7.8367,0.5034000000000001,1472.0,0.012074437753330614,1377.6667,0.0021799693220794225,115832.6667,0.007921989152466224
1995Q1,150.8667,0.0015141052140750233,5.81,0.6433,7.4833,-0.3534000000000006,1324.0,-0.1059645627918675,1254.0,-0.0940528288462561,116702.3333,0.007479911882082746
1995Q2,152.1,0.0008236182877654485,6.02,0.20999999999999996,6.62,-0.8632999999999997,1287.3333,-0.0280845880699232,1278.3333,0.01921867786476117,117134.3333,0.0036948909489780135
1995Q3,152.8667,-0.0031134332429223477,5.7967,-0.22329999999999917,6.3233,-0.2967000000000004,1415.3333,0.09479218161648273,1387.0,0.08158602125720371,117633.6667,0.004253851913068374
1995Q4,153.7,0.0004082501885553924,5.72,-0.07670000000000066,5.8933,-0.4299999999999997,1417.3333,0.0014120972318707459,1424.0,0.026326671657090017,118172.0,0.004565914320709297
1996Q1,155.0667,0.003416345659204012,5.3633,-0.3567,5.91,0.01670000000000016,1460.6667,0.03011582703254767,1414.6667,-0.006575857343480429,118682.3333,0.004309265383668048
1996Q2,156.4,-0.00029121521960639996,5.2433,-0.1200000000000001,6.72,0.8099999999999996,1495.6667,0.023679085286547163,1449.6667,0.02443971229487918,119475.0,0.006656688803452937
1996Q3,157.3,-0.0028234992205051768,5.3067,0.06340000000000057,6.78,0.0600000000000005,1501.3333,0.003781519354451035,1418.3333,-0.021851218085718216,120205.6667,0.0060970204524330995
1996Q4,158.6667,0.0029129836300674228,5.28,-0.026699999999999946,6.3433,-0.4367000000000001,1417.0,-0.05781161925824918,1393.6667,-0.017544262231424135,120918.3333,0.005911221406389444
1997Q1,159.6333,-0.0025774313618391886,5.2767,-0.0033000000000003027,6.5633,0.21999999999999975,1432.6667,0.010995572110300778,1421.0,0.019422661490922977,121673.3333,0.006224471336761184
1997Q2,160.0,-0.00377902885599557,5.5233,0.24659999999999993,6.6967,0.13339999999999996,1476.0,0.029798193359436453,1412.3333,-0.0061176897402566155,122555.0,0.007220051155632845
1997Q3,160.8,0.002693036145784866,5.5333,0.009999999999999787,6.2433,-0.45340000000000025,1457.6667,-0.012498719548010406,1461.0,0.033877973393855676,123258.6667,0.005725219687899852
1997Q4,161.6667,0.00038791019901385226,5.5067,-0.02659999999999929,5.9067,-0.3365999999999998,1532.0,0.049737064688128996,1474.6667,0.009310865387339717,124232.6667,0.007871023321367687
1998Q1,162.0,-0.0033159249325889206,5.52,0.013299999999999201,5.5867,-0.3199999999999994,1558.6667,0.01725670500911214,1602.3333,0.08302888128481545,124996.0,0.006125584965582576
1998Q2,162.5333,0.0012270418430011532,5.5,-0.019999999999999574,5.5967,0.009999999999999787,1572.3333,0.008729918106587853,1550.6667,-0.03277591195627938,125788.6667,0.006321513592599359
1998Q3,163.3667,0.0018278948140482143,5.5333,0.03329999999999966,5.2033,-0.39340000000000064,1631.3333,0.036836961485087194,1613.6667,0.03982407546189837,126500.6667,0.005644328126528819
1998Q4,164.1333,-0.00043292816662976463,4.86,-0.6732999999999993,4.67,-0.5332999999999997,1722.3333,0.05428228536416135,1711.0,0.058568951963719584,127255.3333,0.005947988027214635
1999Q1,164.7333,-0.0010326352839786779,4.7333,-0.12670000000000048,4.9833,0.3132999999999999,1709.3333,-0.007576529833868584,1705.6667,-0.003121934212511057,128016.6667,0.005964897500332356
1999Q2,165.9667,0.003810463300492728,4.7467,0.013399999999999856,5.54,0.5567000000000002,1574.3333,-0.08227153037659285,1647.3333,-0.034798262033959304,128830.6667,0.006338416789947843
1999Q3,167.2,-5.582845734686259e-05,5.0933,0.34660000000000046,5.8833,0.34330000000000016,1650.6667,0.04734738583515963,1634.6667,-0.007718868306268334,129588.3333,0.005863878205810025
1999Q4,168.4333,-5.4409750155137715e-05,5.3067,0.21340000000000003,6.14,0.2566999999999995,1654.6667,0.0024203319112494626,1668.0,0.020186373579237582,130475.6667,0.006823988274847537
2000Q1,170.1,0.002497548597422572,5.6767,0.3700000000000001,6.48,0.34000000000000075,1659.0,0.002615412389011418,1690.0,0.013103224998427088,131245.0,0.005879058200426002
2000Q2,171.4333,-0.0020389034024361763,6.2733,0.5965999999999996,6.1767,-0.3033000000000001,1586.6667,-0.04457961062468474,1570.6667,-0.07322835003139616,132017.3333,0.0058674213363811845
2000Q3,173.0,0.0012895545521987017,6.52,0.2466999999999997,5.8933,-0.2834000000000003,1503.6667,-0.05372880865743923,1554.6667,-0.0102389970826815,132266.3333,0.001884339481748043
2000Q4,174.2333,-0.0019937135854419807,6.4733,-0.04669999999999952,5.5667,-0.3266,1544.0,0.026469859676401697,1578.0,0.014897040602777523,132541.3333,0.0020769798880060364
2001Q1,175.9,0.0024168347684545566,5.5933,-0.8799999999999999,5.05,-0.5167000000000002,1605.0,0.03874730497939449,1671.3333,0.05746346870015362,132747.3333,0.0015530255705549223
2001Q2,177.1333,-0.002533541275180795,4.3267,-1.2666000000000004,5.27,0.21999999999999975,1630.0,0.015456258236691944,1652.3333,-0.011433280927001022,132388.6667,-0.002705530888174934
2001Q3,177.6333,-0.004168148225196511,3.4967,-0.8299999999999996,4.98,-0.28999999999999915,1599.6667,-0.018784719772997782,1592.6667,-0.03677862903206819,131985.3333,-0.003051235847101097
2001Q4,177.5,-0.00356946057338714,2.1333,-1.3634,4.77,-0.21000000000000085,1570.0,-0.01871967568545685,1632.3333,0.02460068246663827,131193.0,-0.006021283621315376
2002Q1,178.0667,0.003938294354740357,1.7333,-0.40000000000000013,5.0767,0.3067000000000002,1723.0,0.09299133818557603,1714.3333,0.0490137950493601,130772.6667,-0.0032090744257935455
2002Q2,179.4667,0.004643885906293832,1.75,0.016699999999999937,5.1,0.023299999999999876,1691.0,-0.01874688762934973,1714.3333,0.0,130640.6667,-0.0010098950156969266
2002Q3,180.4333,-0.0024599711979007566,1.74,-0.010000000000000009,4.26,-0.8399999999999999,1697.3333,0.003738302471958832,1745.3333,0.017921281600230543,130555.6667,-0.0006508514257781428
2002Q4,181.5,0.0005229683140761665,1.4433,-0.29669999999999996,4.0067,-0.2532999999999994,1729.6667,0.018870358600627135,1822.0,0.04298925855677105,130566.0,7.914548138465705e-05
2003Q1,183.3667,0.004337845982972155,1.25,-0.19330000000000003,3.92,-0.08670000000000044,1736.0,0.0036548852491300465,1806.3333,-0.008635809375488357,130416.3333,-0.0011469490253581682
2003Q2,183.0667,-0.011869724983207597,1.2467,-0.0033000000000000806,3.62,-0.2999999999999998,1753.6667,0.010125236850194952,1837.6667,0.017197679616102413,130185.3333,-0.0017728210530236765
2003Q3,184.4333,0.009074718883136157,1.0167,-0.22999999999999998,4.2333,0.6132999999999997,1889.6667,0.07469161122549828,1937.3333,0.052815770755764824,130196.3333,8.449135570920419e-05
2003Q4,185.1333,-0.003649087541439222,0.9967,-0.019999999999999907,4.2867,0.05339999999999989,2035.6667,0.07442291763368747,1972.3333,0.017904818291845537,130502.6667,0.002350093717186752
2004Q1,186.7,0.0046387187415168896,1.0033,0.00660000000000005,4.02,-0.26670000000000016,1918.3333,-0.059366645817998,1994.6667,0.011259710589305527,130905.6667,0.0030833012400695026
2004Q2,188.1667,-0.0006017228716839185,1.01,0.006699999999999928,4.6,0.5800000000000001,1937.3333,0.009855703704603869,2080.0,0.041890924997930234,131634.3333,0.005550913925581824
2004Q3,189.3667,-0.0014681466710397828,1.4333,0.4233,4.3033,-0.2966999999999995,1977.0,0.02026810435433468,2069.6667,-0.004980313892927413,131960.6667,0.0024760224338145065
2004Q4,191.4,0.004323057247757056,1.95,0.5166999999999999,4.1733,-0.1299999999999999,1965.3333,-0.0059186949302061365,2086.0,0.007860776758281673,132520.6667,0.004234709721576024
2005Q1,192.3667,-0.00564216478841395,2.47,0.5200000000000002,4.2967,0.12340000000000018,2071.6667,0.052691603126395314,2105.0,0.009067110555763591,132989.6667,0.003532822860689677
2005Q2,193.6667,0.001697226661699247,2.9433,0.4732999999999996,4.16,-0.13670000000000027,2051.3333,-0.009863480402523273,2137.6667,0.015399439957597849,133719.0,0.005469151992585353
2005Q3,196.6,0.00829737344040371,3.46,0.5167000000000002,4.2133,0.053300000000000125,2100.0,0.0234473727472313,2228.3333,0.041538999834990875,134451.3333,0.0054617161523182745
2005Q4,198.4333,-0.005750751616615091,3.98,0.52,4.49,0.27669999999999995,2068.6667,-0.01503305125786003,2169.3333,-0.026834021603955982,134932.3333,0.0035711186000924044
2006Q1,199.4667,-0.004087534199871179,4.4567,0.4766999999999997,4.57,0.08000000000000007,2120.3333,0.02466899983624149,2157.0,-0.0057015179159582985,135732.6667,0.005913847246914017
2006Q2,201.2667,0.003789307522172436,4.9067,0.4500000000000002,5.07,0.5,1855.0,-0.13368859724836035,1923.3333,-0.11465859288614322,136265.3333,0.003916699982713823
2006Q3,203.1667,0.0004123409818168611,5.2467,0.33999999999999986,4.8967,-0.17330000000000023,1702.3333,-0.08588485664296908,1713.3333,-0.11561900317716489,136682.3333,0.003055533169638025
2006Q4,202.3333,-0.013506416775125096,5.2467,0.0,4.63,-0.26670000000000016,1570.0,-0.0809242200562128,1581.0,-0.08038321311637553,137050.6667,0.002691189022183238
2007Q1,204.317,0.01386685835465773,5.2567,0.010000000000000675,4.68,0.04999999999999982,1461.3333,-0.07172638119283103,1606.6667,0.016104101913951396,137605.3333,0.004038996810887596
2007Q2,206.631,0.0015055128268333107,5.25,-0.006700000000000372,4.8467,0.16670000000000051,1451.0,-0.0070962642653347174,1456.6667,-0.09801091681860274,137969.6667,0.002644170278681912
2007Q3,207.939,-0.004951710879503857,5.0733,-0.1767000000000003,4.73,-0.1166999999999998,1289.0,-0.1183862499450008,1314.3333,-0.10282120245670345,138052.0,0.0005965713012763274
2007Q4,210.4897,0.005881779723557301,4.4967,-0.5766,4.26,-0.47000000000000064,1166.0,-0.10028763602874946,1188.3333,-0.10077780371832201,138286.6667,0.0016983997151864827
2008Q1,212.7697,-0.0014183140476200506,3.1767,-1.3199999999999998,3.6633,-0.5966999999999998,1064.0,-0.09154369700884768,1025.0,-0.14785912455728667,138326.3333,0.00028680214069432
2008Q2,215.5377,0.0021518368246313813,2.0867,-1.0899999999999999,3.8867,0.22339999999999982,1010.6667,-0.05142517882590791,1061.0,0.03451924704147391,137863.6667,-0.0033503532552288107
2008Q3,218.861,0.0023755127450408864,1.94,-0.14670000000000005,3.8633,-0.023399999999999643,862.3333,-0.15872363621257612,858.6667,-0.21158630123797373,137156.0,-0.005146310228218098
2008Q4,213.8487,-0.038469058355938834,0.5067,-1.4333,3.2533,-0.6100000000000003,663.0,-0.2628668646772434,638.6667,-0.29599811532124765,135559.6667,-0.01170707610223154
2009Q1,212.3777,0.01626560712872216,0.1833,-0.3234,2.7367,-0.5166,525.6667,-0.2321076284793948,538.6667,-0.17028570976064472,133297.0,-0.016832166740949006
2009Q2,213.507,0.012205788099366899,0.18,-0.0032999999999999974,3.3133,0.5766,534.3333,0.016352439851941902,559.3333,0.03764852647016781,131432.0,-0.01409011370096458
2009Q3,215.344,0.0032638047305484363,0.1567,-0.023299999999999987,3.5167,0.20340000000000025,588.3333,0.0962738224836528,606.6667,0.0812340075835003,130460.0,-0.007422941236086444
2009Q4,217.03,-0.000768287133378287,0.12,-0.03670000000000001,3.46,-0.056700000000000195,567.6667,-0.035759173327579497,623.3333,0.027101821356800393,129975.3333,-0.0037219777621615435
2010Q1,217.374,-0.006215063855589342,0.1333,0.013300000000000006,3.7167,0.25669999999999993,618.0,0.08495400674320752,657.6667,0.05361690033415645,129791.3333,-0.0014166562105994984
2010Q2,217.2973,-0.0019366898381862896,0.1933,0.06,3.49,-0.22669999999999968,602.0,-0.02623101214886958,599.6667,-0.09232426716988318,130424.0,0.0048626492421650624
2010Q3,217.9343,0.003280089605024905,0.1867,-0.006599999999999995,2.7867,-0.7033,579.6667,-0.03780416211833604,574.0,-0.04374460454929174,130390.3333,-0.00025816602761885576
2010Q4,219.699,0.005137607246683551,0.1867,0.0,2.8633,0.0766,542.3333,-0.06657252610237308,583.3333,0.016129324787024224,130733.0,0.0026245597616192384
2011Q1,222.0437,0.0025509951290105803,0.1567,-0.03,3.46,0.5966999999999998,582.3333,0.07116220713684918,567.0,-0.02839941737883933,131059.0,0.0024905281178000394
2011Q2,224.5683,0.0006899015632813033,0.0933,-0.06340000000000001,3.21,-0.25,574.3333,-0.013833074403447831,611.6667,0.07582822258872035,131743.6667,0.005210512188654093
2011Q3,226.0327,-0.004805896659700437,0.0833,-0.009999999999999995,2.4267,-0.7833000000000001,619.3333,0.07543368706284603,626.0,0.02316284478362629,132153.6667,0.003107271487751362
2011Q4,227.0473,-0.0020210997837715183,0.0733,-0.009999999999999995,2.0467,-0.3799999999999999,671.6667,0.08111865845610478,691.3333,0.09927168080525561,132710.3333,0.004203420771665023
2012Q1,228.326,0.0011373797223193094,0.1033,0.03,2.0367,-0.009999999999999787,707.3333,0.051739748040000144,752.0,0.08411427204448607,133501.0,0.005940160511729076
2012Q2,228.808,-0.003507274831300755,0.1533,0.04999999999999999,1.8233,-0.21340000000000026,739.3333,0.04424685077607471,774.0,0.028835549639887326,133923.3333,0.0031585282154296124
2012Q3,229.841,0.002395749945685033,0.1433,-0.009999999999999981,1.6433,-0.17999999999999994,780.3333,0.05397230194947422,873.0,0.12036368224987459,134337.6667,0.0030890344065568343
2012Q4,231.3693,0.002122828158626966,0.16,0.016699999999999993,1.7067,0.06340000000000012,908.0,0.15152324249528082,915.0,0.046988509435919035,134856.0,0.0038510114070664514
2013Q1,232.2993,-0.002615878574562025,0.1433,-0.016699999999999993,1.95,0.24329999999999985,953.3333,0.04872020157945922,952.0,0.03964096951584395,135497.3333,0.004744417205282403
2013Q2,232.045,-0.005106799221393565,0.1167,-0.026600000000000013,1.9967,0.046699999999999964,868.0,-0.09377286552040243,985.6667,0.03475323021106114,136082.6667,0.004310584773152826
2013Q3,233.3,0.006489168705049231,0.0833,-0.0334,2.71,0.7133,882.3333,0.01637816112002266,988.3333,0.0027017240344768823,136619.3333,0.003935924876344643
2013Q4,234.1627,-0.0017028667855587543,0.0867,0.0034000000000000002,2.7467,0.03670000000000018,1009.0,0.13414514457323534,1026.0,0.03740303669381184,137243.3333,0.004557036470934861
2014Q1,235.621,0.00251741516916848,0.0733,-0.013399999999999995,2.7633,0.016599999999999948,934.0,-0.07723858212476564,1027.3333,0.0012986690347727148,137752.6667,0.003704301025585721
2014Q2,236.8723,-0.0009118136123378306,0.0933,0.01999999999999999,2.6233,-0.14000000000000012,987.0,0.05519360120463901,1039.3333,0.011613034112283316,138553.3333,0.005795522652929819
2014Q3,237.4783,-0.0027415218995301416,0.09,-0.0032999999999999974,2.4967,-0.12659999999999982,1030.6667,0.04329111394724716,1066.6667,0.025959102491937003,139301.3333,0.005384122686288961
2014Q4,236.8883,-0.005042602386027717,0.1,0.010000000000000009,2.28,-0.21670000000000034,1049.3333,0.01794913572225365,1075.0,0.007782109192055131,140083.6667,0.005600411223202428
2015Q1,235.355,-0.004006180580342189,0.11,0.009999999999999995,1.9667,-0.3132999999999999,977.0,-0.07142363706020038,1082.6667,0.00710650283987313,140772.6667,0.00490643293569093
2015Q2,236.96,0.013290047385601689,0.1233,0.013300000000000006,2.1667,0.20000000000000018,1158.0,0.1699630060901578,1272.3333,0.16142529447689835,141481.0,0.005019136121720891
2015Q3,237.855,-0.0030264441535337028,0.1367,0.013399999999999981,2.22,0.053300000000000125,1166.6667,0.007456329247883531,1149.6667,-0.10138038461589272,142130.3333,0.004579044335265792
2015Q4,237.837,-0.003845573011195924,0.16,0.023300000000000015,2.19,-0.03000000000000025,1125.3333,-0.03607144995393874,1205.0,0.04700749266211357,142821.3333,0.004849954820219438
2016Q1,237.6893,-0.0005455272390388899,0.36,0.19999999999999998,1.92,-0.27,1142.6667,0.015285482794204164,1153.6667,-0.043534262064137685,143426.0,0.004224791144169515
2016Q2,239.5903,0.008587229113127037,0.3733,0.013300000000000034,1.7533,-0.16669999999999985,1171.3333,0.0247779314002452,1191.0,0.03184798549468226,143967.0,0.0037648838978459054
2016Q3,240.6073,-0.003730260039663591,0.3967,0.023399999999999976,1.5633,-0.19000000000000017,1159.3333,-0.010297574127372755,1234.0,0.03546763511003359,144716.0,0.005189094478540213
2016Q4,242.1347,0.0020922763678568046,0.45,0.053300000000000014,2.13,0.5667,1235.0,0.06322587156811643,1244.0,0.008071068833791273,145218.6667,0.003467451542519484
2017Q1,243.8387,0.0006847192618311126,0.7,0.24999999999999994,2.4433,0.3132999999999999,1217.0,-0.014682156074551145,1269.6667,0.020422430764979183,145814.6667,0.00409575649775995
2017Q2,244.12,-0.005859791686013693,0.95,0.25,2.2633,-0.17999999999999972,1184.0,-0.027490277543575914,1270.6667,0.0007872982748269308,146379.3333,0.0038650164132896236
2017Q3,245.287,0.003616079295716723,1.1533,0.20330000000000004,2.2433,-0.020000000000000018,1182.0,-0.0016906174779069971,1282.6667,0.009399546766082345,146899.6667,0.0035483887081060317
2017Q4,247.2383,0.0031546494755501087,1.2033,0.050000000000000044,2.37,0.12670000000000003,1235.6667,0.04440274349256956,1322.0,0.030204471306618075,147348.0,0.003047321679519044
2018Q1,249.3217,0.0004676862781423097,1.4467,0.24340000000000006,2.76,0.3899999999999997,1298.0,0.04921395580542143,1341.0,0.014269862870047056,147998.0,0.004401624192917453
2018Q2,250.679,-0.0029621758713087587,1.7367,0.2899999999999998,2.92,0.16000000000000014,1275.0,-0.017878439671508595,1353.6667,0.009401380360985812,148707.3333,0.004781408163449186
2018Q3,251.6863,-0.0014189711510859127,1.9233,0.1866000000000001,2.9267,0.006699999999999928,1248.6667,-0.02086983656146124,1307.0,-0.035082550018442404,149218.3333,0.0034303892439613293
2018Q4,252.711,5.283795693422633e-05,2.22,0.2967000000000002,3.0333,0.10660000000000025,1165.6667,-0.06878314403985986,1309.6667,0.0020382427178970985,149651.0,0.002895358968281414
2019Q1,253.3857,-0.0013967820881735094,2.4033,0.18330000000000002,2.6533,-0.3799999999999999,1179.3333,0.011656080795859225,1278.3333,-0.024215557284491318,150140.6667,0.0032667161221926477
2019Q2,255.2473,0.0046537548942557905,2.3967,-0.006600000000000161,2.3333,-0.3200000000000003,1269.3333,0.0735425231955773,1322.6667,0.0340928058806389,150682.3333,0.003601235180829221
2019Q3,256.0893,-0.004026712692899004,2.19,-0.2067000000000001,1.7967,-0.5366,1308.6667,0.03051703065687228,1443.3333,0.08730530429547123,151157.0,0.0031451639260939857
2019Q4,257.888,0.003705837709737203,1.6433,-0.5467,1.7933,-0.0034000000000000696,1408.6667,0.07363482153141643,1500.3333,0.03873205317380002,151640.3333,0.003192456850491965
2020Q1,258.8177,-0.0034005996368007274,1.26,-0.3833,1.3767,-0.41659999999999986,1465.3333,0.03943907093651866,1432.0,-0.04661521488694653,151739.6667,0.0006548447725602813
2020Q2,256.292,-0.013405104135240542,0.06,-1.2,0.6867,-0.6900000000000001,1080.3333,-0.3048131204886859,1220.0,-0.16022120979328847,133712.3333,-0.1264756074603639
2020Q3,259.2217,0.021172794056683486,0.0933,0.033299999999999996,0.65,-0.036699999999999955,1465.0,0.3045856378324041,1571.6667,0.253285789881053,140615.3333,0.05033730369134837
2020Q4,261.0917,-0.004178254145169369,0.09,-0.0032999999999999974,0.8633,0.21329999999999993,1566.6667,0.06709499885546855,1689.3333,0.07219730543291458,142580.3333,0.013877553703624201
2021Q1,263.7423,0.002912796934854356,0.08,-0.009999999999999995,1.3167,0.4534,1576.6667,0.006362693652882001,1774.0,0.04890292982825439,143491.6667,0.006371378414680606
2021Q2,268.5503,0.007964939971683904,0.07,-0.009999999999999995,1.5933,0.27659999999999996,1578.0,0.0008452874463014126,1692.6667,-0.04693166958021866,145157.3333,0.011541249676387366
2021Q3,272.8297,-0.002256185860151305,0.09,0.01999999999999999,1.3233,-0.27,1589.3333,0.007156397698102168,1678.0,-0.008702606262154688,147282.3333,0.014533167999211116
2021Q4,278.7713,0.005734383850272806,0.08,-0.009999999999999995,1.5367,0.21340000000000003,1668.6667,0.04871030419571731,1797.0,0.06851599975640799,149206.0,0.012976522026251658
2022Q1,284.9057,0.00022257451258500538,0.12,0.039999999999999994,1.94,0.4033,1716.3333,0.028165288657145737,1881.6667,0.04603931884688528,150715.3333,0.010064946198092173
2022Q2,291.6053,0.0014764113159460024,0.77,0.65,2.93,0.9900000000000002,1634.0,-0.04915921653683597,1766.6667,-0.0630633758904171,151968.3333,0.008279317952810672
2022Q3,295.453,-0.010134331038405442,2.19,1.42,3.1067,0.17669999999999986,1466.6667,-0.1080387214544336,1620.0,-0.08666840151359789,153338.6667,0.00897681744701373
2022Q4,298.5417,-0.0027087463644894783,3.6533,1.4633000000000003,3.83,0.7233,1389.0,-0.05440821121117079,1468.3333,-0.0982982012257354,154174.3333,0.0054350135252043685
2023Q1,301.2303,-0.0014343829181848733,4.5167,0.8634,3.6467,-0.18330000000000002,1379.0,-0.0072254649610421495,1502.6667,0.023113381673648625,154992.0,0.005289506122615251
2023Q2,303.3977,-0.001796069248992893,4.99,0.47330000000000005,3.5933,-0.05339999999999989,1453.0,0.05227178577698055,1504.3333,0.0011084803263390341,155636.6667,0.004150728472065879
2023Q3,305.989,0.0013352698010988817,5.26,0.2699999999999996,4.15,0.5567000000000002,1382.6667,-0.04961635878097059,1540.0,0.02343260640699274,156240.3333,0.003871188666582981
2023Q4,308.195,-0.0013211215306911939,5.33,0.07000000000000028,4.44,0.29000000000000004,1467.6667,0.05965983501011962,1516.6667,-0.015267450152766315,156712.0,0.0030143060584215675
2024Q1,311.0033,0.001887277603742632,5.33,0.0,4.16,-0.28000000000000025,1415.0,-0.036544329722093316,1532.6667,0.01049419314869482,157245.3333,0.0033974923115458466
2024Q2,313.0807,-0.002413361803679237,5.33,0.0,4.4433,0.28329999999999966,1342.6667,-0.052471820080779,1442.3333,-0.06074700995752824,157611.0,0.002322753749755435
2024Q3,314.121,-0.0033401845150260456,5.2633,-0.06669999999999998,3.9467,-0.49659999999999993,1337.6667,-0.0037308834787390666,1448.6667,0.004381466711854465,157805.6667,0.0012343464709907437
2024Q4,316.5877,0.00450475719563137,4.65,-0.6132999999999997,4.2833,0.3365999999999998,1387.0,0.03621631379701107,1472.0,0.01597840413089191,158113.3333,0.0019477568444283833
2025Q1,319.475,0.0012566926772263898,4.33,-0.3200000000000003,4.4533,0.16999999999999993,1401.0,0.010043126022175386,1465.0,-0.0047667778376538905,158318.3333,0.0012956985682421873
2025Q2,320.7857,-0.0049844516426169605,4.33,0.0,4.36,-0.09329999999999927,1354.0,-0.03412309286478621,1403.0,-0.04324244134870625,158487.0,0.0010647972000938921
2025Q3,323.235,0.003512038479817292,4.2933,-0.03669999999999973,4.2567,-0.10329999999999995,1346.3333,-0.005678351335521192,1369.0,-0.024532254814012333,158520.6667,0.00021240306568515166
2025Q4,325.547,-0.0004790823209113171,3.8967,-0.3966000000000003,4.0967,-0.16000000000000014,1327.6667,-0.013961782516461518,1418.0,0.03516688180362415,158429.6667,-0.0005742224753273462
